num_cols,Triton (GB/s),Torch (GB/s)
128.000000,342.224538,421.453362
256.000000,597.138958,691.672815
384.000000,712.347810,693.502633
512.000000,633.198054,591.080044
640.000000,598.502307,687.681021
768.000000,726.831811,720.175792
896.000000,760.152448,716.800018
1024.000000,750.054336,717.220268
